type	abstr_utt	abstr_da	utt	da
reply	ask about the time requirement	request(duration)	ask about the time requirement	duration=43 minutes
reply	what about the *NUMBER *AMPM connection	"inform(departure_time=""*DEPARTURE_TIME"")&inform(ampm=""*AMPM"")"	what about the five pm connection	departure_time=5:19pm, from_stop=Houston Street, direction=Union Square, line=C, vehicle=subway
apologize	what about the *NUMBER *AMPM connection	"inform(departure_time=""*DEPARTURE_TIME"")&inform(ampm=""*AMPM"")"	what about the eleven am connection	*=notfound, departure_time=11:00, ampm=am
request	what about the *NUMBER *AMPM connection	"inform(departure_time=""*DEPARTURE_TIME"")&inform(ampm=""*AMPM"")"	what about the nine pm connection	from_stop=?, to_stop=?
confirm-request	what about the *NUMBER *AMPM connection	"inform(departure_time=""*DEPARTURE_TIME"")&inform(ampm=""*AMPM"")"	what about the three pm connection	confirm: departure_time=3:00, ampm=pm; request: from_stop=?, to_stop=?
confirm	what about the *NUMBER *AMPM connection	"inform(departure_time=""*DEPARTURE_TIME"")&inform(ampm=""*AMPM"")"	what about the three pm connection	departure_time=3:00, ampm=pm
reply	what about the time requirements	request(duration)	what about the time requirements	duration=67 minutes
reply	what about time requirements to find out the next connection	"request(duration)&inform(alternative=""next"")"	what about time requirements to find out the next connection	duration=49 minutes
confirm-reply	what about time requirements to find out the next connection	"request(duration)&inform(alternative=""next"")"	what about time requirements to find out the next connection	confirm: alternative=next; reply: duration=49 minutes
confirm	what about time requirements to find out the next connection	"request(duration)&inform(alternative=""next"")"	what about time requirements to find out the next connection	alternative=next
reply	i also want to know about time requirements	request(duration)	i also want to know about time requirements	duration=15 minutes
reply	ok and how many transfers will i need	request(num_transfers)	ok and how many transfers will i need	num_transfers=2
reply	ok and i need to find out the connection in a *NUMBER an hour	"inform(departure_time_rel=""*DEPARTURE_TIME_REL"")"	ok and i need to find out the connection in a half an hour	vehicle=bus, departure_time=11:02pm, direction=Penn Station, line=M31, from_stop=Chambers Street
apologize	ok and i need to find out the connection in a *NUMBER an hour	"inform(departure_time_rel=""*DEPARTURE_TIME_REL"")"	ok and i need to find out the connection in a half an hour	*=notfound, departure_time_rel=0:30
request	ok and i need to find out the connection in a *NUMBER an hour	"inform(departure_time_rel=""*DEPARTURE_TIME_REL"")"	ok and i need to find out the connection in a half an hour	from_stop=?, to_stop=?
confirm-request	ok and i need to find out the connection in a *NUMBER an hour	"inform(departure_time_rel=""*DEPARTURE_TIME_REL"")"	ok and i need to find out the connection in a half an hour	confirm: departure_time_rel=0:30; request: from_stop=?, to_stop=?
confirm	ok and i need to find out the connection in a *NUMBER an hour	"inform(departure_time_rel=""*DEPARTURE_TIME_REL"")"	ok and i need to find out the connection in a half an hour	departure_time_rel=0:30
reply	what are the number of transfers	request(num_transfers)	what are the number of transfers	num_transfers=0
reply	what are the time requirements	request(duration)	what are the time requirements	duration=17 minutes
reply	yes can i have a connection to from *STOP to ro	"inform(from_stop=""*STREET"")"	yes can i have a connection to from Delancey Street to ro	vehicle=subway, line=J, departure_time=10:08am, direction=Bleecker Street, from_stop=Delancey Street
apologize	yes can i have a connection to from *STOP to ro	"inform(from_stop=""*STREET"")"	yes can i have a connection to from Dyckman Street to ro	*=notfound, from_stop=Dyckman Street
request	yes can i have a connection to from *STOP to ro	"inform(from_stop=""*STREET"")"	yes can i have a connection to from Cathedral Parkway to ro	to_stop=?
confirm-request	yes can i have a connection to from *STOP to ro	"inform(from_stop=""*STREET"")"	yes can i have a connection to from Wall Street to ro	confirm: from_stop=Wall Street; request: to_stop=?
confirm	yes can i have a connection to from *STOP to ro	"inform(from_stop=""*STREET"")"	yes can i have a connection to from Wall Street to ro	from_stop=Wall Street
reply	yes can you tell me the distance of the trip	request(distance)	yes can you tell me the distance of the trip	distance=3.7 miles
reply	best connection at *NUMBER *AMPM	"inform(departure_time=""*DEPARTURE_TIME"")&inform(ampm=""*AMPM"")"	best connection at six pm	departure_time=6:07pm, line=M79, from_stop=Union Square, direction=Inwood, vehicle=bus
apologize	best connection at *NUMBER *AMPM	"inform(departure_time=""*DEPARTURE_TIME"")&inform(ampm=""*AMPM"")"	best connection at seven am	*=notfound, departure_time=7:00, ampm=am
request	best connection at *NUMBER *AMPM	"inform(departure_time=""*DEPARTURE_TIME"")&inform(ampm=""*AMPM"")"	best connection at ten pm	from_stop=?, to_stop=?
confirm-request	best connection at *NUMBER *AMPM	"inform(departure_time=""*DEPARTURE_TIME"")&inform(ampm=""*AMPM"")"	best connection at five pm	confirm: departure_time=5:00, ampm=pm; request: from_stop=?, to_stop=?
confirm	best connection at *NUMBER *AMPM	"inform(departure_time=""*DEPARTURE_TIME"")&inform(ampm=""*AMPM"")"	best connection at five pm	departure_time=5:00, ampm=pm
reply	last connection	"inform(alternative=""last"")"	last connection	departure_time=7:01am, direction=Grand Central, line=D, from_stop=Cathedral Parkway, vehicle=subway
apologize	last connection	"inform(alternative=""last"")"	last connection	*=notfound, alternative=last
confirm	last connection	"inform(alternative=""last"")"	last connection	alternative=last
reply	lost connection from *STOP to *STOP	"inform(from_stop=""*STOP"")&inform(to_stop=""*STOP"")"	lost connection from Columbia University to Penn Station	from_stop=Columbia University, line=M20, departure_time=8:01pm, vehicle=bus, direction=Penn Station
apologize	lost connection from *STOP to *STOP	"inform(from_stop=""*STOP"")&inform(to_stop=""*STOP"")"	lost connection from Cortlandt Street to Franklin Street	*=notfound, from_stop=Cortlandt Street, to_stop=Franklin Street
confirm	lost connection from *STOP to *STOP	"inform(from_stop=""*STOP"")&inform(to_stop=""*STOP"")"	lost connection from Union Square to Franklin Street	from_stop=Union Square, to_stop=Franklin Street
reply	next connection	"inform(alternative=""next"")"	next connection	line=2, vehicle=subway, departure_time=9:13pm, from_stop=Union Square, direction=Essex Street
apologize	next connection	"inform(alternative=""next"")"	next connection	*=notfound, alternative=next
confirm	next connection	"inform(alternative=""next"")"	next connection	alternative=next
reply	*VEHICLE connection from *STOP to *STOP	"inform(from_stop=""*STOP"")&inform(to_stop=""*STOP"")&inform(vehicle=""*VEHICLE"")"	bus connection from World Trade Center to Bryant Park	line=M102, direction=Bryant Park, departure_time=11:06am, from_stop=World Trade Center, vehicle=bus
apologize	*VEHICLE connection from *STOP to *STOP	"inform(from_stop=""*STOP"")&inform(to_stop=""*STOP"")&inform(vehicle=""*VEHICLE"")"	bus connection from Delancey Street to Grand Street	*=notfound, from_stop=Delancey Street, to_stop=Grand Street, vehicle=bus
confirm	*VEHICLE connection from *STOP to *STOP	"inform(from_stop=""*STOP"")&inform(to_stop=""*STOP"")&inform(vehicle=""*VEHICLE"")"	subway connection from Wall Street to Central Park	from_stop=Wall Street, to_stop=Central Park, vehicle=subway
reply	*VEHICLE connection	"inform(vehicle=""*VEHICLE"")"	subway connection	direction=Bryant Park, from_stop=Canal Street, line=1, vehicle=subway, departure_time=4:13pm
apologize	*VEHICLE connection	"inform(vehicle=""*VEHICLE"")"	bus connection	*=notfound, vehicle=bus
request	*VEHICLE connection	"inform(vehicle=""*VEHICLE"")"	subway connection	from_stop=?, to_stop=?
confirm-request	*VEHICLE connection	"inform(vehicle=""*VEHICLE"")"	subway connection	confirm: vehicle=subway; request: from_stop=?, to_stop=?
confirm	*VEHICLE connection	"inform(vehicle=""*VEHICLE"")"	subway connection	vehicle=subway
reply	what connection will i be in *NUMBER an hour	"inform(departure_time_rel=""*DEPARTURE_TIME_REL"")"	what connection will i be in half an hour	from_stop=Fulton Street, vehicle=bus, direction=Chambers Street, line=M66, departure_time=7:01am
apologize	what connection will i be in *NUMBER an hour	"inform(departure_time_rel=""*DEPARTURE_TIME_REL"")"	what connection will i be in half an hour	*=notfound, departure_time_rel=0:30
request	what connection will i be in *NUMBER an hour	"inform(departure_time_rel=""*DEPARTURE_TIME_REL"")"	what connection will i be in half an hour	from_stop=?, to_stop=?
confirm-request	what connection will i be in *NUMBER an hour	"inform(departure_time_rel=""*DEPARTURE_TIME_REL"")"	what connection will i be in half an hour	confirm: departure_time_rel=0:30; request: from_stop=?, to_stop=?
confirm	what connection will i be in *NUMBER an hour	"inform(departure_time_rel=""*DEPARTURE_TIME_REL"")"	what connection will i be in half an hour	departure_time_rel=0:30
reply	yes connection in *NUMBER minutes	"inform(departure_time_rel=""*DEPARTURE_TIME_REL"")"	yes connection in fifteen minutes	direction=Grand Street, vehicle=subway, departure_time=8:06pm, line=1, from_stop=Broad Street
apologize	yes connection in *NUMBER minutes	"inform(departure_time_rel=""*DEPARTURE_TIME_REL"")"	yes connection in fifteen minutes	*=notfound, departure_time_rel=0:15
request	yes connection in *NUMBER minutes	"inform(departure_time_rel=""*DEPARTURE_TIME_REL"")"	yes connection in thirty minutes	from_stop=?, to_stop=?
confirm-request	yes connection in *NUMBER minutes	"inform(departure_time_rel=""*DEPARTURE_TIME_REL"")"	yes connection in fifteen minutes	confirm: departure_time_rel=0:15; request: from_stop=?, to_stop=?
confirm	yes connection in *NUMBER minutes	"inform(departure_time_rel=""*DEPARTURE_TIME_REL"")"	yes connection in fifteen minutes	departure_time_rel=0:15
reply	duration distance of trip	request(distance)	duration distance of trip	distance=10.5 miles
reply	the distance of the trip	request(distance)	the distance of the trip	distance=2.3 miles
reply	when does it leave	"request(departure_time=""*DEPARTURE_TIME"")"	when does it leave	departure_time=7:04pm
reply	how far is it	request(distance)	how far is it	distance=11.3 miles
reply	how far is that	request(distance)	how far is that	distance=9.8 miles
reply	how far is the trip	request(distance)	how far is the trip	distance=3.7 miles
reply	how far what is the distance of this trip	request(distance)	how far what is the distance of this trip	distance=11.2 miles
reply	how far will i be travelling	request(distance)	how far will i be travelling	distance=0.4 miles
reply	looking for *VEHICLE connection	"inform(vehicle=""*VEHICLE"")"	looking for bus connection	line=M5, vehicle=bus, from_stop=Astor Place, departure_time=8:17am, direction=Houston Street
apologize	looking for *VEHICLE connection	"inform(vehicle=""*VEHICLE"")"	looking for subway connection	*=notfound, vehicle=subway
request	looking for *VEHICLE connection	"inform(vehicle=""*VEHICLE"")"	looking for bus connection	from_stop=?, to_stop=?
confirm-request	looking for *VEHICLE connection	"inform(vehicle=""*VEHICLE"")"	looking for subway connection	confirm: vehicle=subway; request: from_stop=?, to_stop=?
confirm	looking for *VEHICLE connection	"inform(vehicle=""*VEHICLE"")"	looking for subway connection	vehicle=subway
reply	connection from *STOP to *STOP	"inform(from_stop=""*STOP"")&inform(to_stop=""*STOP"")"	connection from Columbus Circle to Cathedral Parkway	direction=Cathedral Parkway, vehicle=bus, departure_time=9:13am, from_stop=Columbus Circle, line=M98
apologize	connection from *STOP to *STOP	"inform(from_stop=""*STOP"")&inform(to_stop=""*STOP"")"	connection from Bowery to Dyckman Street	*=notfound, from_stop=Bowery, to_stop=Dyckman Street
confirm	connection from *STOP to *STOP	"inform(from_stop=""*STOP"")&inform(to_stop=""*STOP"")"	connection from Bowling Green to Essex Street	from_stop=Bowling Green, to_stop=Essex Street
reply	i'm headed to *STOP	"inform(to_stop=""*STREET"")"	i'm headed to Union Square	vehicle=bus, line=M14, departure_time=9:18am, from_stop=Chambers Street, direction=Union Square
apologize	i'm headed to *STOP	"inform(to_stop=""*STREET"")"	i'm headed to City Hall	*=notfound, to_stop=City Hall
request	i'm headed to *STOP	"inform(to_stop=""*STREET"")"	i'm headed to Bowling Green	from_stop=?
confirm-request	i'm headed to *STOP	"inform(to_stop=""*STREET"")"	i'm headed to World Trade Center	confirm: to_stop=World Trade Center; request: from_stop=?
confirm	i'm headed to *STOP	"inform(to_stop=""*STREET"")"	i'm headed to World Trade Center	to_stop=World Trade Center
reply	about how long does it take	request(duration)	about how long does it take	duration=54 minutes
reply	and how many transfers is there	request(num_transfers)	and how many transfers is there	num_transfers=1
reply	and how many transfers	request(num_transfers)	and how many transfers	num_transfers=1
reply	and how many transfers would that be	request(num_transfers)	and how many transfers would that be	num_transfers=1
reply	ok how long will that take and when is the next connection	"request(departure_time=""*DEPARTURE_TIME"")&request(duration)&inform(alternative=""next"")"	ok how long will that take and when is the next connection	duration=53 minutes, departure_time=7:28am
confirm-reply	ok how long will that take and when is the next connection	"request(departure_time=""*DEPARTURE_TIME"")&request(duration)&inform(alternative=""next"")"	ok how long will that take and when is the next connection	confirm: alternative=next; reply: duration=53 minutes, departure_time=7:28am
confirm	ok how long will that take and when is the next connection	"request(departure_time=""*DEPARTURE_TIME"")&request(duration)&inform(alternative=""next"")"	ok how long will that take and when is the next connection	alternative=next
reply	and i want to know about the duration of the trip the distance of the trip and	request(duration)&request(distance)	and i want to know about the duration of the trip the distance of the trip and	distance=10.4 miles, duration=58 minutes
reply	and i would like to know the duration of the trip and find out the connections at *NUMBER *NUMBER *AMPM	"inform(departure_time=""*TIME"")&inform(ampm=""*AMPM"")&request(duration)"	and i would like to know the duration of the trip and find out the connections at eight thirty pm	duration=60 minutes
confirm-reply	and i would like to know the duration of the trip and find out the connections at *NUMBER *NUMBER *AMPM	"inform(departure_time=""*TIME"")&inform(ampm=""*AMPM"")&request(duration)"	and i would like to know the duration of the trip and find out the connections at seven thirty am	confirm: departure_time=7:30, ampm=am; reply: duration=60 minutes
confirm	and i would like to know the duration of the trip and find out the connections at *NUMBER *NUMBER *AMPM	"inform(departure_time=""*TIME"")&inform(ampm=""*AMPM"")&request(duration)"	and i would like to know the duration of the trip and find out the connections at seven thirty am	departure_time=7:30, ampm=am
reply	but i wanna go by *VEHICLE	"inform(vehicle=""*VEHICLE"")"	but i wanna go by subway	from_stop=Dyckman Street, line=M, direction=Central Park, vehicle=subway, departure_time=11:03am
apologize	but i wanna go by *VEHICLE	"inform(vehicle=""*VEHICLE"")"	but i wanna go by subway	*=notfound, vehicle=subway
request	but i wanna go by *VEHICLE	"inform(vehicle=""*VEHICLE"")"	but i wanna go by bus	from_stop=?, to_stop=?
confirm-request	but i wanna go by *VEHICLE	"inform(vehicle=""*VEHICLE"")"	but i wanna go by subway	confirm: vehicle=subway; request: from_stop=?, to_stop=?
confirm	but i wanna go by *VEHICLE	"inform(vehicle=""*VEHICLE"")"	but i wanna go by subway	vehicle=subway
reply	but i want to go by *VEHICLE	"inform(vehicle=""*VEHICLE"")"	but i want to go by bus	from_stop=Wall Street, vehicle=bus, departure_time=12:09pm, direction=Herald Square, line=M106
apologize	but i want to go by *VEHICLE	"inform(vehicle=""*VEHICLE"")"	but i want to go by bus	*=notfound, vehicle=bus
request	but i want to go by *VEHICLE	"inform(vehicle=""*VEHICLE"")"	but i want to go by bus	from_stop=?, to_stop=?
confirm-request	but i want to go by *VEHICLE	"inform(vehicle=""*VEHICLE"")"	but i want to go by subway	confirm: vehicle=subway; request: from_stop=?, to_stop=?
confirm	but i want to go by *VEHICLE	"inform(vehicle=""*VEHICLE"")"	but i want to go by subway	vehicle=subway
reply	but i want to go to by by *VEHICLE	"inform(vehicle=""*VEHICLE"")"	but i want to go to by by subway	line=7, from_stop=Delancey Street, vehicle=subway, departure_time=7:10am, direction=Cathedral Parkway
apologize	but i want to go to by by *VEHICLE	"inform(vehicle=""*VEHICLE"")"	but i want to go to by by subway	*=notfound, vehicle=subway
request	but i want to go to by by *VEHICLE	"inform(vehicle=""*VEHICLE"")"	but i want to go to by by subway	from_stop=?, to_stop=?
confirm-request	but i want to go to by by *VEHICLE	"inform(vehicle=""*VEHICLE"")"	but i want to go to by by subway	confirm: vehicle=subway; request: from_stop=?, to_stop=?
confirm	but i want to go to by by *VEHICLE	"inform(vehicle=""*VEHICLE"")"	but i want to go to by by subway	vehicle=subway
reply	can i go by *VEHICLE	"inform(vehicle=""*VEHICLE"")"	can i go by bus	direction=Broad Street, vehicle=bus, line=M100, from_stop=Fulton Street, departure_time=7:17am
apologize	can i go by *VEHICLE	"inform(vehicle=""*VEHICLE"")"	can i go by subway	*=notfound, vehicle=subway
request	can i go by *VEHICLE	"inform(vehicle=""*VEHICLE"")"	can i go by bus	from_stop=?, to_stop=?
confirm-request	can i go by *VEHICLE	"inform(vehicle=""*VEHICLE"")"	can i go by bus	confirm: vehicle=bus; request: from_stop=?, to_stop=?
confirm	can i go by *VEHICLE	"inform(vehicle=""*VEHICLE"")"	can i go by bus	vehicle=bus
reply	could i get the duration	request(duration)	could i get the duration	duration=40 minutes
reply	so i want to find a connection from *STOP	"inform(from_stop=""*STREET"")"	so i want to find a connection from Penn Station	from_stop=Penn Station, departure_time=5:14pm, vehicle=bus, direction=Lincoln Center, line=M5
apologize	so i want to find a connection from *STOP	"inform(from_stop=""*STREET"")"	so i want to find a connection from Broad Street	*=notfound, from_stop=Broad Street
request	so i want to find a connection from *STOP	"inform(from_stop=""*STREET"")"	so i want to find a connection from Chambers Street	to_stop=?
confirm-request	so i want to find a connection from *STOP	"inform(from_stop=""*STREET"")"	so i want to find a connection from Houston Street	confirm: from_stop=Houston Street; request: to_stop=?
confirm	so i want to find a connection from *STOP	"inform(from_stop=""*STREET"")"	so i want to find a connection from Houston Street	from_stop=Houston Street
reply	yes i need a connection a *VEHICLE connection from *STOP to *STOP	"inform(from_stop=""*STOP"")&inform(to_stop=""*STOP"")&inform(vehicle=""*VEHICLE"")"	yes i need a connection a subway connection from Dyckman Street to World Trade Center	departure_time=10:11pm, from_stop=Dyckman Street, vehicle=subway, direction=World Trade Center, line=M
apologize	yes i need a connection a *VEHICLE connection from *STOP to *STOP	"inform(from_stop=""*STOP"")&inform(to_stop=""*STOP"")&inform(vehicle=""*VEHICLE"")"	yes i need a connection a subway connection from Columbus Circle to Herald Square	*=notfound, from_stop=Columbus Circle, to_stop=Herald Square, vehicle=subway
confirm	yes i need a connection a *VEHICLE connection from *STOP to *STOP	"inform(from_stop=""*STOP"")&inform(to_stop=""*STOP"")&inform(vehicle=""*VEHICLE"")"	yes i need a connection a bus connection from Columbia University to Canal Street	from_stop=Columbia University, to_stop=Canal Street, vehicle=bus
reply	yes i would like to know when i could catch the next transportation from *STOP	"inform(from_stop=""*STOP"")&inform(alternative=""next"")"	yes i would like to know when i could catch the next transportation from Bowery	direction=City Hall, vehicle=subway, line=C, departure_time=8:13pm, from_stop=Bowery
apologize	yes i would like to know when i could catch the next transportation from *STOP	"inform(from_stop=""*STOP"")&inform(alternative=""next"")"	yes i would like to know when i could catch the next transportation from Park Place	*=notfound, from_stop=Park Place, alternative=next
confirm	yes i would like to know when i could catch the next transportation from *STOP	"inform(from_stop=""*STOP"")&inform(alternative=""next"")"	yes i would like to know when i could catch the next transportation from Columbus Circle	from_stop=Columbus Circle, alternative=next
reply	what if i leave at *NUMBER *AMPM	"inform(departure_time=""*TIME"")&inform(ampm=""*AMPM"")"	what if i leave at twelve pm	direction=Delancey Street, departure_time=12:08pm, line=Z, vehicle=subway, from_stop=Port Authority Bus Terminal
apologize	what if i leave at *NUMBER *AMPM	"inform(departure_time=""*TIME"")&inform(ampm=""*AMPM"")"	what if i leave at five pm	*=notfound, departure_time=5:00, ampm=pm
request	what if i leave at *NUMBER *AMPM	"inform(departure_time=""*TIME"")&inform(ampm=""*AMPM"")"	what if i leave at one pm	from_stop=?, to_stop=?
confirm-request	what if i leave at *NUMBER *AMPM	"inform(departure_time=""*TIME"")&inform(ampm=""*AMPM"")"	what if i leave at five pm	confirm: departure_time=5:00, ampm=pm; request: from_stop=?, to_stop=?
confirm	what if i leave at *NUMBER *AMPM	"inform(departure_time=""*TIME"")&inform(ampm=""*AMPM"")"	what if i leave at five pm	departure_time=5:00, ampm=pm
reply	connection in *NUMBER an hour	"inform(departure_time_rel=""*DEPARTURE_TIME_REL"")"	connection in half an hour	departure_time=8:12pm, direction=Bryant Park, vehicle=subway, line=R, from_stop=Essex Street
apologize	connection in *NUMBER an hour	"inform(departure_time_rel=""*DEPARTURE_TIME_REL"")"	connection in half an hour	*=notfound, departure_time_rel=0:30
request	connection in *NUMBER an hour	"inform(departure_time_rel=""*DEPARTURE_TIME_REL"")"	connection in half an hour	from_stop=?, to_stop=?
confirm-request	connection in *NUMBER an hour	"inform(departure_time_rel=""*DEPARTURE_TIME_REL"")"	connection in half an hour	confirm: departure_time_rel=0:30; request: from_stop=?, to_stop=?
confirm	connection in *NUMBER an hour	"inform(departure_time_rel=""*DEPARTURE_TIME_REL"")"	connection in half an hour	departure_time_rel=0:30
reply	connection in *NUMBER minutes	"inform(departure_time_rel=""*DEPARTURE_TIME_REL"")"	connection in twenty minutes	from_stop=Astor Place, direction=Port Authority Bus Terminal, departure_time=9:00am, vehicle=subway, line=L
apologize	connection in *NUMBER minutes	"inform(departure_time_rel=""*DEPARTURE_TIME_REL"")"	connection in fifteen minutes	*=notfound, departure_time_rel=0:15
request	connection in *NUMBER minutes	"inform(departure_time_rel=""*DEPARTURE_TIME_REL"")"	connection in twenty minutes	from_stop=?, to_stop=?
confirm-request	connection in *NUMBER minutes	"inform(departure_time_rel=""*DEPARTURE_TIME_REL"")"	connection in ten minutes	confirm: departure_time_rel=0:10; request: from_stop=?, to_stop=?
confirm	connection in *NUMBER minutes	"inform(departure_time_rel=""*DEPARTURE_TIME_REL"")"	connection in ten minutes	departure_time_rel=0:10
reply	depart in *NUMBER minutes	"inform(departure_time_rel=""*TIME_REL"")"	depart in thirty minutes	from_stop=Columbus Circle, vehicle=bus, line=M106, direction=Prince Street, departure_time=10:12am
apologize	depart in *NUMBER minutes	"inform(departure_time_rel=""*TIME_REL"")"	depart in thirty minutes	*=notfound, departure_time_rel=0:30
request	depart in *NUMBER minutes	"inform(departure_time_rel=""*TIME_REL"")"	depart in fifteen minutes	from_stop=?, to_stop=?
confirm-request	depart in *NUMBER minutes	"inform(departure_time_rel=""*TIME_REL"")"	depart in thirty minutes	confirm: departure_time_rel=0:30; request: from_stop=?, to_stop=?
confirm	depart in *NUMBER minutes	"inform(departure_time_rel=""*TIME_REL"")"	depart in thirty minutes	departure_time_rel=0:30
reply	what is duration	request(duration)	what is duration	duration=57 minutes
reply	what is the connection in *NUMBER an hour	"inform(departure_time_rel=""*DEPARTURE_TIME_REL"")"	what is the connection in half an hour	direction=Port Authority Bus Terminal, departure_time=7:07am, from_stop=Chambers Street, vehicle=bus, line=M4
apologize	what is the connection in *NUMBER an hour	"inform(departure_time_rel=""*DEPARTURE_TIME_REL"")"	what is the connection in half an hour	*=notfound, departure_time_rel=0:30
request	what is the connection in *NUMBER an hour	"inform(departure_time_rel=""*DEPARTURE_TIME_REL"")"	what is the connection in half an hour	from_stop=?, to_stop=?
confirm-request	what is the connection in *NUMBER an hour	"inform(departure_time_rel=""*DEPARTURE_TIME_REL"")"	what is the connection in half an hour	confirm: departure_time_rel=0:30; request: from_stop=?, to_stop=?
confirm	what is the connection in *NUMBER an hour	"inform(departure_time_rel=""*DEPARTURE_TIME_REL"")"	what is the connection in half an hour	departure_time_rel=0:30
reply	what is the distance of the trip	request(distance)	what is the distance of the trip	distance=8.5 miles
reply	what is the distance of this trip	request(distance)	what is the distance of this trip	distance=0.5 miles
reply	what is the distance	request(distance)	what is the distance	distance=1.3 miles
reply	what is the duration of that	request(duration)	what is the duration of that	duration=76 minutes
reply	what is the duration of the distance of the trip	request(duration)&request(distance)	what is the duration of the distance of the trip	distance=3.3 miles, duration=56 minutes
reply	what is the duration of the trip	request(duration)	what is the duration of the trip	duration=18 minutes
reply	what is the duration of this trip	request(duration)	what is the duration of this trip	duration=13 minutes
reply	what is the duration	request(duration)	what is the duration	duration=54 minutes
reply	what is the how long is that trip	request(duration)&request(distance)	what is the how long is that trip	distance=6.7 miles, duration=66 minutes
reply	what is the next connection from *STOP	"inform(from_stop=""*STOP"")&inform(alternative=""next"")"	what is the next connection from Union Square	departure_time=10:12pm, line=M2, from_stop=Union Square, direction=Bowery, vehicle=bus
apologize	what is the next connection from *STOP	"inform(from_stop=""*STOP"")&inform(alternative=""next"")"	what is the next connection from City Hall	*=notfound, from_stop=City Hall, alternative=next
confirm	what is the next connection from *STOP	"inform(from_stop=""*STOP"")&inform(alternative=""next"")"	what is the next connection from Cathedral Parkway	from_stop=Cathedral Parkway, alternative=next
reply	what is the next connection	"inform(alternative=""next"")"	what is the next connection	from_stop=Broad Street, departure_time=11:00pm, vehicle=bus, direction=Cortlandt Street, line=M34
apologize	what is the next connection	"inform(alternative=""next"")"	what is the next connection	*=notfound, alternative=next
confirm	what is the next connection	"inform(alternative=""next"")"	what is the next connection	alternative=next
reply	what is the number of transfers	request(num_transfers)	what is the number of transfers	num_transfers=0
reply	when is the next connection	"request(departure_time=""*DEPARTURE_TIME"")&inform(alternative=""next"")"	when is the next connection	departure_time=2:13pm
confirm-reply	when is the next connection	"request(departure_time=""*DEPARTURE_TIME"")&inform(alternative=""next"")"	when is the next connection	confirm: alternative=next; reply: departure_time=2:13pm
confirm	when is the next connection	"request(departure_time=""*DEPARTURE_TIME"")&inform(alternative=""next"")"	when is the next connection	alternative=next
reply	where is the next connection	"inform(alternative=""next"")"	where is the next connection	departure_time=12:00pm, vehicle=subway, from_stop=Broad Street, direction=Times Square, line=7
apologize	where is the next connection	"inform(alternative=""next"")"	where is the next connection	*=notfound, alternative=next
confirm	where is the next connection	"inform(alternative=""next"")"	where is the next connection	alternative=next
reply	id like to find a *VEHICLE connection please	"inform(vehicle=""*VEHICLE"")"	id like to find a bus connection please	direction=Houston Street, vehicle=bus, departure_time=11:05am, from_stop=Canal Street, line=M86
apologize	id like to find a *VEHICLE connection please	"inform(vehicle=""*VEHICLE"")"	id like to find a bus connection please	*=notfound, vehicle=bus
request	id like to find a *VEHICLE connection please	"inform(vehicle=""*VEHICLE"")"	id like to find a bus connection please	from_stop=?, to_stop=?
confirm-request	id like to find a *VEHICLE connection please	"inform(vehicle=""*VEHICLE"")"	id like to find a bus connection please	confirm: vehicle=bus; request: from_stop=?, to_stop=?
confirm	id like to find a *VEHICLE connection please	"inform(vehicle=""*VEHICLE"")"	id like to find a bus connection please	vehicle=bus
reply	i'd like it from *STOP to the	"inform(from_stop=""*STOP"")"	i'd like it from Grand Central to the	from_stop=Grand Central, direction=Washington Square, departure_time=7:17am, line=M79, vehicle=bus
apologize	i'd like it from *STOP to the	"inform(from_stop=""*STOP"")"	i'd like it from Bowery to the	*=notfound, from_stop=Bowery
request	i'd like it from *STOP to the	"inform(from_stop=""*STOP"")"	i'd like it from Grand Street to the	to_stop=?
confirm-request	i'd like it from *STOP to the	"inform(from_stop=""*STOP"")"	i'd like it from Houston Street to the	confirm: from_stop=Houston Street; request: to_stop=?
confirm	i'd like it from *STOP to the	"inform(from_stop=""*STOP"")"	i'd like it from Houston Street to the	from_stop=Houston Street
reply	i'd like to find out connection at *NUMBER *AMPM	"inform(departure_time=""*DEPARTURE_TIME"")&inform(ampm=""*AMPM"")"	i'd like to find out connection at four pm	vehicle=bus, from_stop=Park Place, direction=Inwood, departure_time=4:04pm, line=M35
apologize	i'd like to find out connection at *NUMBER *AMPM	"inform(departure_time=""*DEPARTURE_TIME"")&inform(ampm=""*AMPM"")"	i'd like to find out connection at ten pm	*=notfound, departure_time=10:00, ampm=pm
request	i'd like to find out connection at *NUMBER *AMPM	"inform(departure_time=""*DEPARTURE_TIME"")&inform(ampm=""*AMPM"")"	i'd like to find out connection at eight pm	from_stop=?, to_stop=?
confirm-request	i'd like to find out connection at *NUMBER *AMPM	"inform(departure_time=""*DEPARTURE_TIME"")&inform(ampm=""*AMPM"")"	i'd like to find out connection at eleven am	confirm: departure_time=11:00, ampm=am; request: from_stop=?, to_stop=?
confirm	i'd like to find out connection at *NUMBER *AMPM	"inform(departure_time=""*DEPARTURE_TIME"")&inform(ampm=""*AMPM"")"	i'd like to find out connection at eleven am	departure_time=11:00, ampm=am
reply	i'd like to go from *STOP to the	"inform(from_stop=""*STOP"")"	i'd like to go from Bowling Green to the	departure_time=7:04pm, vehicle=bus, direction=Inwood, from_stop=Bowling Green, line=M101
apologize	i'd like to go from *STOP to the	"inform(from_stop=""*STOP"")"	i'd like to go from Essex Street to the	*=notfound, from_stop=Essex Street
request	i'd like to go from *STOP to the	"inform(from_stop=""*STOP"")"	i'd like to go from Prince Street to the	to_stop=?
confirm-request	i'd like to go from *STOP to the	"inform(from_stop=""*STOP"")"	i'd like to go from Times Square to the	confirm: from_stop=Times Square; request: to_stop=?
confirm	i'd like to go from *STOP to the	"inform(from_stop=""*STOP"")"	i'd like to go from Times Square to the	from_stop=Times Square
reply	*VEHICLE line	"inform(vehicle=""*VEHICLE"")"	subway line	line=4, vehicle=subway, from_stop=Roosevelt Island, departure_time=2:02pm, direction=Rector Street
apologize	*VEHICLE line	"inform(vehicle=""*VEHICLE"")"	subway line	*=notfound, vehicle=subway
request	*VEHICLE line	"inform(vehicle=""*VEHICLE"")"	subway line	from_stop=?, to_stop=?
confirm-request	*VEHICLE line	"inform(vehicle=""*VEHICLE"")"	bus line	confirm: vehicle=bus; request: from_stop=?, to_stop=?
confirm	*VEHICLE line	"inform(vehicle=""*VEHICLE"")"	bus line	vehicle=bus
reply	how long does it take how much	request(duration)	how long does it take how much	duration=19 minutes
reply	how long does it take	request(duration)	how long does it take	duration=19 minutes
reply	how long does it take to ride	request(duration)	how long does it take to ride	duration=62 minutes
reply	how long for travel	request(duration)	how long for travel	duration=71 minutes
reply	how long is it going to take	request(duration)	how long is it going to take	duration=68 minutes
reply	how long is it how many transfers and what is the distance of	request(num_transfers)&request(distance)	how long is it how many transfers and what is the distance of	distance=6.1 miles, num_transfers=1
reply	how long is it	request(distance)	how long is it	distance=4.6 miles
reply	how long is that trip	request(duration)&request(distance)	how long is that trip	distance=5.8 miles, duration=71 minutes
reply	how long is the duration of this trip	request(duration)	how long is the duration of this trip	duration=45 minutes
reply	how long is the duration	request(duration)	how long is the duration	duration=40 minutes
reply	how long is the ride	request(distance)	how long is the ride	distance=10.4 miles
reply	how long is the trip	request(duration)&request(distance)	how long is the trip	distance=2.9 miles, duration=23 minutes
reply	how long will i be traveling	request(distance)	how long will i be traveling	distance=4.7 miles
reply	how long will it take	request(duration)	how long will it take	duration=53 minutes
reply	how long will it take to go from *STOP to *STOP by *VEHICLE	"inform(from_stop=""*STOP"")&inform(to_stop=""*STOP"")&inform(vehicle=""*VEHICLE"")&request(duration)"	how long will it take to go from Central Park to Washington Square by bus	duration=12 minutes
confirm-reply	how long will it take to go from *STOP to *STOP by *VEHICLE	"inform(from_stop=""*STOP"")&inform(to_stop=""*STOP"")&inform(vehicle=""*VEHICLE"")&request(duration)"	how long will it take to go from Marble Hill to Bowling Green by bus	confirm: from_stop=Marble Hill, to_stop=Bowling Green, vehicle=bus; reply: duration=12 minutes
confirm	how long will it take to go from *STOP to *STOP by *VEHICLE	"inform(from_stop=""*STOP"")&inform(to_stop=""*STOP"")&inform(vehicle=""*VEHICLE"")&request(duration)"	how long will it take to go from Marble Hill to Bowling Green by bus	from_stop=Marble Hill, to_stop=Bowling Green, vehicle=bus
reply	how long will that take	request(duration)	how long will that take	duration=65 minutes
reply	how long will the trip take	request(duration)	how long will the trip take	duration=10 minutes
reply	how long would it take	request(duration)	how long would it take	duration=61 minutes
reply	i'm looking for a *NUMBER *AMPM connection	"inform(departure_time=""*DEPARTURE_TIME"")&inform(ampm=""*AMPM"")"	i'm looking for a five pm connection	departure_time=5:05pm, direction=Park Place, from_stop=Wall Street, vehicle=bus, line=M4
apologize	i'm looking for a *NUMBER *AMPM connection	"inform(departure_time=""*DEPARTURE_TIME"")&inform(ampm=""*AMPM"")"	i'm looking for a one pm connection	*=notfound, departure_time=1:00, ampm=pm
request	i'm looking for a *NUMBER *AMPM connection	"inform(departure_time=""*DEPARTURE_TIME"")&inform(ampm=""*AMPM"")"	i'm looking for a eleven am connection	from_stop=?, to_stop=?
confirm-request	i'm looking for a *NUMBER *AMPM connection	"inform(departure_time=""*DEPARTURE_TIME"")&inform(ampm=""*AMPM"")"	i'm looking for a ten am connection	confirm: departure_time=10:00, ampm=am; request: from_stop=?, to_stop=?
confirm	i'm looking for a *NUMBER *AMPM connection	"inform(departure_time=""*DEPARTURE_TIME"")&inform(ampm=""*AMPM"")"	i'm looking for a ten am connection	departure_time=10:00, ampm=am
reply	how many transfers and distance of this trip	request(num_transfers)&request(distance)	how many transfers and distance of this trip	distance=8.7 miles, num_transfers=0
reply	how many transfers and the distance of this trip	request(num_transfers)&request(distance)	how many transfers and the distance of this trip	distance=3.0 miles, num_transfers=1
reply	how many transfers and what is the distance of the trip	request(num_transfers)&request(distance)	how many transfers and what is the distance of the trip	distance=11.2 miles, num_transfers=2
reply	how many transfers are there	request(num_transfers)	how many transfers are there	num_transfers=2
reply	how many transfers	request(num_transfers)	how many transfers	num_transfers=2
reply	how many transfers will there be	request(num_transfers)	how many transfers will there be	num_transfers=0
reply	give me a connection from *STOP to *STOP	"inform(from_stop=""*STOP"")&inform(to_stop=""*STOP"")"	give me a connection from East Broadway to Inwood	from_stop=East Broadway, line=M9, direction=Inwood, vehicle=bus, departure_time=8:18am
apologize	give me a connection from *STOP to *STOP	"inform(from_stop=""*STOP"")&inform(to_stop=""*STOP"")"	give me a connection from Cathedral Parkway to Wall Street	*=notfound, from_stop=Cathedral Parkway, to_stop=Wall Street
confirm	give me a connection from *STOP to *STOP	"inform(from_stop=""*STOP"")&inform(to_stop=""*STOP"")"	give me a connection from Times Square to Marble Hill	from_stop=Times Square, to_stop=Marble Hill
reply	give me the number of transfers	request(num_transfers)	give me the number of transfers	num_transfers=2
reply	*NUMBER minutes	"inform(departure_time=""*TIME"")"	thirty minutes	line=M102, departure_time=0:30am, from_stop=Central Park, vehicle=bus, direction=Astor Place
apologize	*NUMBER minutes	"inform(departure_time=""*TIME"")"	ten minutes	*=notfound, departure_time=0:10
request	*NUMBER minutes	"inform(departure_time=""*TIME"")"	twenty minutes	from_stop=?, to_stop=?
confirm-request	*NUMBER minutes	"inform(departure_time=""*TIME"")"	fifteen minutes	confirm: departure_time=0:15; request: from_stop=?, to_stop=?
confirm	*NUMBER minutes	"inform(departure_time=""*TIME"")"	fifteen minutes	departure_time=0:15
reply	i need a connection in *NUMBER minutes	"inform(departure_time_rel=""*DEPARTURE_TIME_REL"")"	i need a connection in fifteen minutes	vehicle=bus, line=M11, direction=Grand Street, from_stop=Inwood, departure_time=7:01am
apologize	i need a connection in *NUMBER minutes	"inform(departure_time_rel=""*DEPARTURE_TIME_REL"")"	i need a connection in thirty minutes	*=notfound, departure_time_rel=0:30
request	i need a connection in *NUMBER minutes	"inform(departure_time_rel=""*DEPARTURE_TIME_REL"")"	i need a connection in fifteen minutes	from_stop=?, to_stop=?
confirm-request	i need a connection in *NUMBER minutes	"inform(departure_time_rel=""*DEPARTURE_TIME_REL"")"	i need a connection in twenty minutes	confirm: departure_time_rel=0:20; request: from_stop=?, to_stop=?
confirm	i need a connection in *NUMBER minutes	"inform(departure_time_rel=""*DEPARTURE_TIME_REL"")"	i need a connection in twenty minutes	departure_time_rel=0:20
reply	i need a *VEHICLE connection from *STOP to *STOP	"inform(from_stop=""*STOP"")&inform(to_stop=""*STOP"")&inform(vehicle=""*VEHICLE"")"	i need a bus connection from Delancey Street to Rector Street	from_stop=Delancey Street, line=M42, departure_time=9:03am, direction=Rector Street, vehicle=bus
apologize	i need a *VEHICLE connection from *STOP to *STOP	"inform(from_stop=""*STOP"")&inform(to_stop=""*STOP"")&inform(vehicle=""*VEHICLE"")"	i need a subway connection from Bleecker Street to City Hall	*=notfound, from_stop=Bleecker Street, to_stop=City Hall, vehicle=subway
confirm	i need a *VEHICLE connection from *STOP to *STOP	"inform(from_stop=""*STOP"")&inform(to_stop=""*STOP"")&inform(vehicle=""*VEHICLE"")"	i need a subway connection from Port Authority Bus Terminal to Times Square	from_stop=Port Authority Bus Terminal, to_stop=Times Square, vehicle=subway
reply	i need a *VEHICLE connection	"inform(vehicle=""*VEHICLE"")"	i need a subway connection	direction=Central Park, vehicle=subway, line=Z, from_stop=Roosevelt Island, departure_time=11:16am
apologize	i need a *VEHICLE connection	"inform(vehicle=""*VEHICLE"")"	i need a bus connection	*=notfound, vehicle=bus
request	i need a *VEHICLE connection	"inform(vehicle=""*VEHICLE"")"	i need a subway connection	from_stop=?, to_stop=?
confirm-request	i need a *VEHICLE connection	"inform(vehicle=""*VEHICLE"")"	i need a bus connection	confirm: vehicle=bus; request: from_stop=?, to_stop=?
confirm	i need a *VEHICLE connection	"inform(vehicle=""*VEHICLE"")"	i need a bus connection	vehicle=bus
reply	i need the distance of the trip	request(distance)	i need the distance of the trip	distance=11.4 miles
reply	i need to find a connection from *STOP queen	"inform(from_stop=""*STREET"")"	i need to find a connection from Lincoln Center queen	vehicle=subway, direction=Bryant Park, departure_time=9:11pm, from_stop=Lincoln Center, line=J
apologize	i need to find a connection from *STOP queen	"inform(from_stop=""*STREET"")"	i need to find a connection from Chambers Street queen	*=notfound, from_stop=Chambers Street
request	i need to find a connection from *STOP queen	"inform(from_stop=""*STREET"")"	i need to find a connection from Rockefeller Center queen	to_stop=?
confirm-request	i need to find a connection from *STOP queen	"inform(from_stop=""*STREET"")"	i need to find a connection from Bowling Green queen	confirm: from_stop=Bowling Green; request: to_stop=?
confirm	i need to find a connection from *STOP queen	"inform(from_stop=""*STREET"")"	i need to find a connection from Bowling Green queen	from_stop=Bowling Green
reply	i need to find a *VEHICLE connection	"inform(vehicle=""*VEHICLE"")"	i need to find a subway connection	vehicle=subway, from_stop=Chambers Street, direction=Rockefeller Center, line=E, departure_time=7:08am
apologize	i need to find a *VEHICLE connection	"inform(vehicle=""*VEHICLE"")"	i need to find a bus connection	*=notfound, vehicle=bus
request	i need to find a *VEHICLE connection	"inform(vehicle=""*VEHICLE"")"	i need to find a subway connection	from_stop=?, to_stop=?
confirm-request	i need to find a *VEHICLE connection	"inform(vehicle=""*VEHICLE"")"	i need to find a subway connection	confirm: vehicle=subway; request: from_stop=?, to_stop=?
confirm	i need to find a *VEHICLE connection	"inform(vehicle=""*VEHICLE"")"	i need to find a subway connection	vehicle=subway
reply	i need to find out about a *VEHICLE connection	"inform(vehicle=""*VEHICLE"")"	i need to find out about a bus connection	from_stop=Astor Place, direction=Rockefeller Center, vehicle=bus, line=M34, departure_time=7:01am
apologize	i need to find out about a *VEHICLE connection	"inform(vehicle=""*VEHICLE"")"	i need to find out about a bus connection	*=notfound, vehicle=bus
request	i need to find out about a *VEHICLE connection	"inform(vehicle=""*VEHICLE"")"	i need to find out about a subway connection	from_stop=?, to_stop=?
confirm-request	i need to find out about a *VEHICLE connection	"inform(vehicle=""*VEHICLE"")"	i need to find out about a subway connection	confirm: vehicle=subway; request: from_stop=?, to_stop=?
confirm	i need to find out about a *VEHICLE connection	"inform(vehicle=""*VEHICLE"")"	i need to find out about a subway connection	vehicle=subway
reply	i need to find out the connection in *NUMBER minutes	"inform(departure_time_rel=""*DEPARTURE_TIME_REL"")"	i need to find out the connection in twenty minutes	departure_time=5:13pm, line=4, vehicle=subway, from_stop=Washington Square, direction=Fulton Street
apologize	i need to find out the connection in *NUMBER minutes	"inform(departure_time_rel=""*DEPARTURE_TIME_REL"")"	i need to find out the connection in ten minutes	*=notfound, departure_time_rel=0:10
request	i need to find out the connection in *NUMBER minutes	"inform(departure_time_rel=""*DEPARTURE_TIME_REL"")"	i need to find out the connection in fifteen minutes	from_stop=?, to_stop=?
confirm-request	i need to find out the connection in *NUMBER minutes	"inform(departure_time_rel=""*DEPARTURE_TIME_REL"")"	i need to find out the connection in twenty minutes	confirm: departure_time_rel=0:20; request: from_stop=?, to_stop=?
confirm	i need to find out the connection in *NUMBER minutes	"inform(departure_time_rel=""*DEPARTURE_TIME_REL"")"	i need to find out the connection in twenty minutes	departure_time_rel=0:20
reply	i need to find the *VEHICLE connection from *STOP to *STOP	"inform(from_stop=""*STOP"")&inform(to_stop=""*STOP"")&inform(vehicle=""*VEHICLE"")"	i need to find the bus connection from Cortlandt Street to Inwood	vehicle=bus, from_stop=Cortlandt Street, line=M72, direction=Inwood, departure_time=9:15pm
apologize	i need to find the *VEHICLE connection from *STOP to *STOP	"inform(from_stop=""*STOP"")&inform(to_stop=""*STOP"")&inform(vehicle=""*VEHICLE"")"	i need to find the bus connection from Franklin Street to Columbia University	*=notfound, from_stop=Franklin Street, to_stop=Columbia University, vehicle=bus
confirm	i need to find the *VEHICLE connection from *STOP to *STOP	"inform(from_stop=""*STOP"")&inform(to_stop=""*STOP"")&inform(vehicle=""*VEHICLE"")"	i need to find the subway connection from Cathedral Parkway to Dyckman Street	from_stop=Cathedral Parkway, to_stop=Dyckman Street, vehicle=subway
reply	i need to go from *STOP to *STOP and *NUMBER second	"inform(from_stop=""*STREET"")&inform(to_stop=""*STREET"")"	i need to go from Cortlandt Street to East Broadway and *NUMBER second	vehicle=subway, departure_time=6:01pm, line=L, direction=East Broadway, from_stop=Cortlandt Street
apologize	i need to go from *STOP to *STOP and *NUMBER second	"inform(from_stop=""*STREET"")&inform(to_stop=""*STREET"")"	i need to go from Prince Street to Fulton Street and *NUMBER second	*=notfound, from_stop=Prince Street, to_stop=Fulton Street
confirm	i need to go from *STOP to *STOP and *NUMBER second	"inform(from_stop=""*STREET"")&inform(to_stop=""*STREET"")"	i need to go from Fulton Street to Rector Street and *NUMBER second	from_stop=Fulton Street, to_stop=Rector Street
reply	i need to know the duration of the trip and find out connection at *NUMBER *AMPM	"inform(departure_time=""*DEPARTURE_TIME"")&inform(ampm=""*AMPM"")&request(duration)"	i need to know the duration of the trip and find out connection at twelve pm	duration=10 minutes
confirm-reply	i need to know the duration of the trip and find out connection at *NUMBER *AMPM	"inform(departure_time=""*DEPARTURE_TIME"")&inform(ampm=""*AMPM"")&request(duration)"	i need to know the duration of the trip and find out connection at ten pm	confirm: departure_time=10:00, ampm=pm; reply: duration=10 minutes
confirm	i need to know the duration of the trip and find out connection at *NUMBER *AMPM	"inform(departure_time=""*DEPARTURE_TIME"")&inform(ampm=""*AMPM"")&request(duration)"	i need to know the duration of the trip and find out connection at ten pm	departure_time=10:00, ampm=pm
reply	i need to know the duration of the trip	request(duration)	i need to know the duration of the trip	duration=68 minutes
reply	duration number of transfers and distance	request(num_transfers)&request(distance)	duration number of transfers and distance	distance=4.4 miles, num_transfers=1
reply	at *NUMBER *AMPM	"inform(departure_time=""*TIME"")&inform(ampm=""*AMPM"")"	at three pm	departure_time=3:17pm, from_stop=Union Square, line=M101, vehicle=bus, direction=Bowery
apologize	at *NUMBER *AMPM	"inform(departure_time=""*TIME"")&inform(ampm=""*AMPM"")"	at twelve pm	*=notfound, departure_time=12:00, ampm=pm
request	at *NUMBER *AMPM	"inform(departure_time=""*TIME"")&inform(ampm=""*AMPM"")"	at nine am	from_stop=?, to_stop=?
confirm-request	at *NUMBER *AMPM	"inform(departure_time=""*TIME"")&inform(ampm=""*AMPM"")"	at six pm	confirm: departure_time=6:00, ampm=pm; request: from_stop=?, to_stop=?
confirm	at *NUMBER *AMPM	"inform(departure_time=""*TIME"")&inform(ampm=""*AMPM"")"	at six pm	departure_time=6:00, ampm=pm
reply	at *NUMBER *NUMBER	"inform(departure_time=""*TIME"")"	at nine thirty	line=M7, from_stop=City Hall, departure_time=9:30am, direction=Penn Station, vehicle=bus
apologize	at *NUMBER *NUMBER	"inform(departure_time=""*TIME"")"	at twelve thirty	*=notfound, departure_time=12:30
request	at *NUMBER *NUMBER	"inform(departure_time=""*TIME"")"	at eleven thirty	from_stop=?, to_stop=?
confirm-request	at *NUMBER *NUMBER	"inform(departure_time=""*TIME"")"	at nine thirty	confirm: departure_time=9:30; request: from_stop=?, to_stop=?
confirm	at *NUMBER *NUMBER	"inform(departure_time=""*TIME"")"	at nine thirty	departure_time=9:30
reply	in *NUMBER an hour	"inform(departure_time_rel=""*TIME_REL"")"	in half an hour	vehicle=subway, from_stop=Bryant Park, direction=Broad Street, line=1, departure_time=10:07am
apologize	in *NUMBER an hour	"inform(departure_time_rel=""*TIME_REL"")"	in half an hour	*=notfound, departure_time_rel=0:30
request	in *NUMBER an hour	"inform(departure_time_rel=""*TIME_REL"")"	in half an hour	from_stop=?, to_stop=?
confirm-request	in *NUMBER an hour	"inform(departure_time_rel=""*TIME_REL"")"	in half an hour	confirm: departure_time_rel=0:30; request: from_stop=?, to_stop=?
confirm	in *NUMBER an hour	"inform(departure_time_rel=""*TIME_REL"")"	in half an hour	departure_time_rel=0:30
reply	in *NUMBER minutes	"inform(departure_time_rel=""*TIME_REL"")"	in ten minutes	vehicle=bus, line=M5, direction=Grand Street, departure_time=11:05am, from_stop=Rockefeller Center
apologize	in *NUMBER minutes	"inform(departure_time_rel=""*TIME_REL"")"	in fifteen minutes	*=notfound, departure_time_rel=0:15
request	in *NUMBER minutes	"inform(departure_time_rel=""*TIME_REL"")"	in thirty minutes	from_stop=?, to_stop=?
confirm-request	in *NUMBER minutes	"inform(departure_time_rel=""*TIME_REL"")"	in ten minutes	confirm: departure_time_rel=0:10; request: from_stop=?, to_stop=?
confirm	in *NUMBER minutes	"inform(departure_time_rel=""*TIME_REL"")"	in ten minutes	departure_time_rel=0:10
reply	*NUMBER o'clock	"inform(departure_time=""*TIME"")"	four o'clock	vehicle=subway, direction=Grand Street, line=6, departure_time=4:01am, from_stop=Franklin Street
apologize	*NUMBER o'clock	"inform(departure_time=""*TIME"")"	eight o'clock	*=notfound, departure_time=8:00
request	*NUMBER o'clock	"inform(departure_time=""*TIME"")"	twelve o'clock	from_stop=?, to_stop=?
confirm-request	*NUMBER o'clock	"inform(departure_time=""*TIME"")"	eight o'clock	confirm: departure_time=8:00; request: from_stop=?, to_stop=?
confirm	*NUMBER o'clock	"inform(departure_time=""*TIME"")"	eight o'clock	departure_time=8:00
reply	distance of the trip	request(distance)	distance of the trip	distance=9.9 miles
reply	distance of trip	request(distance)	distance of trip	distance=4.6 miles
reply	number of transfers and distance of the trip	request(num_transfers)&request(distance)	number of transfers and distance of the trip	distance=4.2 miles, num_transfers=1
reply	number of transfers	request(num_transfers)	number of transfers	num_transfers=2
reply	distance	request(distance)	distance	distance=3.0 miles
reply	time requirement for a *VEHICLE connection	"inform(vehicle=""*VEHICLE"")&request(duration)"	time requirement for a subway connection	duration=35 minutes
confirm-reply	time requirement for a *VEHICLE connection	"inform(vehicle=""*VEHICLE"")&request(duration)"	time requirement for a bus connection	confirm: vehicle=bus; reply: duration=35 minutes
confirm	time requirement for a *VEHICLE connection	"inform(vehicle=""*VEHICLE"")&request(duration)"	time requirement for a bus connection	vehicle=bus
reply	time requirement	request(duration)	time requirement	duration=73 minutes
reply	time requirements and next connection	"request(duration)&inform(alternative=""next"")"	time requirements and next connection	duration=69 minutes
confirm-reply	time requirements and next connection	"request(duration)&inform(alternative=""next"")"	time requirements and next connection	confirm: alternative=next; reply: duration=69 minutes
confirm	time requirements and next connection	"request(duration)&inform(alternative=""next"")"	time requirements and next connection	alternative=next
reply	time requirements	request(duration)	time requirements	duration=46 minutes
reply	the second option	"inform(alternative=""2"")"	the second option	line=F, vehicle=subway, direction=Houston Street, departure_time=7:10pm, from_stop=Roosevelt Island
apologize	the second option	"inform(alternative=""2"")"	the second option	*=notfound, alternative=2
confirm	the second option	"inform(alternative=""2"")"	the second option	alternative=2
reply	from *STOP to *STOP	"inform(from_stop=""*STOP"")&inform(to_stop=""*STOP"")"	from Park Place to Bowling Green	vehicle=subway, departure_time=9:14am, from_stop=Park Place, line=D, direction=Bowling Green
apologize	from *STOP to *STOP	"inform(from_stop=""*STOP"")&inform(to_stop=""*STOP"")"	from Franklin Street to Marble Hill	*=notfound, from_stop=Franklin Street, to_stop=Marble Hill
confirm	from *STOP to *STOP	"inform(from_stop=""*STOP"")&inform(to_stop=""*STOP"")"	from Grand Central to Park Place	from_stop=Grand Central, to_stop=Park Place
reply	from *STOP	"inform(from_stop=""*STREET"")"	from Houston Street	departure_time=2:07pm, from_stop=Houston Street, vehicle=bus, line=M100, direction=Herald Square
apologize	from *STOP	"inform(from_stop=""*STREET"")"	from World Trade Center	*=notfound, from_stop=World Trade Center
request	from *STOP	"inform(from_stop=""*STREET"")"	from Roosevelt Island	to_stop=?
confirm-request	from *STOP	"inform(from_stop=""*STREET"")"	from Franklin Street	confirm: from_stop=Franklin Street; request: to_stop=?
confirm	from *STOP	"inform(from_stop=""*STREET"")"	from Franklin Street	from_stop=Franklin Street
reply	to *STOP and	"inform(to_stop=""*STREET"")"	to Cathedral Parkway and	direction=Cathedral Parkway, from_stop=City Hall, vehicle=bus, departure_time=11:17am, line=M31
apologize	to *STOP and	"inform(to_stop=""*STREET"")"	to Fulton Street and	*=notfound, to_stop=Fulton Street
request	to *STOP and	"inform(to_stop=""*STREET"")"	to Bowling Green and	from_stop=?
confirm-request	to *STOP and	"inform(to_stop=""*STREET"")"	to Houston Street and	confirm: to_stop=Houston Street; request: from_stop=?
confirm	to *STOP and	"inform(to_stop=""*STREET"")"	to Houston Street and	to_stop=Houston Street
reply	to *STOP	"inform(to_stop=""*STREET"")"	to Times Square	vehicle=bus, line=M66, from_stop=City Hall, direction=Times Square, departure_time=8:10am
apologize	to *STOP	"inform(to_stop=""*STREET"")"	to Astor Place	*=notfound, to_stop=Astor Place
request	to *STOP	"inform(to_stop=""*STREET"")"	to Columbus Circle	from_stop=?
confirm-request	to *STOP	"inform(to_stop=""*STREET"")"	to Astor Place	confirm: to_stop=Astor Place; request: from_stop=?
confirm	to *STOP	"inform(to_stop=""*STREET"")"	to Astor Place	to_stop=Astor Place
reply	and the distance of the trip	request(distance)	and the distance of the trip	distance=5.6 miles
reply	what's the connect connection in *NUMBER an hour	"inform(departure_time_rel=""*DEPARTURE_TIME_REL"")"	what's the connect connection in half an hour	direction=Central Park, vehicle=subway, line=G, departure_time=6:00pm, from_stop=Grand Central
apologize	what's the connect connection in *NUMBER an hour	"inform(departure_time_rel=""*DEPARTURE_TIME_REL"")"	what's the connect connection in half an hour	*=notfound, departure_time_rel=0:30
request	what's the connect connection in *NUMBER an hour	"inform(departure_time_rel=""*DEPARTURE_TIME_REL"")"	what's the connect connection in half an hour	from_stop=?, to_stop=?
confirm-request	what's the connect connection in *NUMBER an hour	"inform(departure_time_rel=""*DEPARTURE_TIME_REL"")"	what's the connect connection in half an hour	confirm: departure_time_rel=0:30; request: from_stop=?, to_stop=?
confirm	what's the connect connection in *NUMBER an hour	"inform(departure_time_rel=""*DEPARTURE_TIME_REL"")"	what's the connect connection in half an hour	departure_time_rel=0:30
reply	what's the connection at *NUMBER	"inform(departure_time=""*DEPARTURE_TIME"")"	what's the connection at ten	direction=Bryant Park, line=D, departure_time=10:10pm, vehicle=subway, from_stop=Penn Station
apologize	what's the connection at *NUMBER	"inform(departure_time=""*DEPARTURE_TIME"")"	what's the connection at eight	*=notfound, departure_time=8:00
request	what's the connection at *NUMBER	"inform(departure_time=""*DEPARTURE_TIME"")"	what's the connection at five	from_stop=?, to_stop=?
confirm-request	what's the connection at *NUMBER	"inform(departure_time=""*DEPARTURE_TIME"")"	what's the connection at six	confirm: departure_time=6:00; request: from_stop=?, to_stop=?
confirm	what's the connection at *NUMBER	"inform(departure_time=""*DEPARTURE_TIME"")"	what's the connection at six	departure_time=6:00
reply	what's the distance of the trip	request(distance)	what's the distance of the trip	distance=8.7 miles
reply	what's the duration of the trip	request(duration)	what's the duration of the trip	duration=56 minutes
reply	are there any connections	"inform(alternative=""dontcare"")"	are there any connections	vehicle=bus, line=M7, departure_time=1:07pm, from_stop=Columbus Circle, direction=Lincoln Center
apologize	are there any connections	"inform(alternative=""dontcare"")"	are there any connections	*=notfound, alternative=dontcare
confirm	are there any connections	"inform(alternative=""dontcare"")"	are there any connections	alternative=dontcare
reply	are there any transfers	request(num_transfers)	are there any transfers	num_transfers=0
reply	is there a connection at *NUMBER *AMPM	"inform(departure_time=""*DEPARTURE_TIME"")&inform(ampm=""*AMPM"")"	is there a connection at five pm	vehicle=subway, from_stop=Essex Street, departure_time=5:12pm, line=A, direction=Delancey Street
apologize	is there a connection at *NUMBER *AMPM	"inform(departure_time=""*DEPARTURE_TIME"")&inform(ampm=""*AMPM"")"	is there a connection at six pm	*=notfound, departure_time=6:00, ampm=pm
request	is there a connection at *NUMBER *AMPM	"inform(departure_time=""*DEPARTURE_TIME"")&inform(ampm=""*AMPM"")"	is there a connection at eleven am	from_stop=?, to_stop=?
confirm-request	is there a connection at *NUMBER *AMPM	"inform(departure_time=""*DEPARTURE_TIME"")&inform(ampm=""*AMPM"")"	is there a connection at one pm	confirm: departure_time=1:00, ampm=pm; request: from_stop=?, to_stop=?
confirm	is there a connection at *NUMBER *AMPM	"inform(departure_time=""*DEPARTURE_TIME"")&inform(ampm=""*AMPM"")"	is there a connection at one pm	departure_time=1:00, ampm=pm
reply	is there a connection in *NUMBER an hour	"inform(departure_time_rel=""*DEPARTURE_TIME_REL"")"	is there a connection in half an hour	vehicle=subway, from_stop=Broad Street, direction=Bleecker Street, departure_time=11:06pm, line=A
apologize	is there a connection in *NUMBER an hour	"inform(departure_time_rel=""*DEPARTURE_TIME_REL"")"	is there a connection in half an hour	*=notfound, departure_time_rel=0:30
request	is there a connection in *NUMBER an hour	"inform(departure_time_rel=""*DEPARTURE_TIME_REL"")"	is there a connection in half an hour	from_stop=?, to_stop=?
confirm-request	is there a connection in *NUMBER an hour	"inform(departure_time_rel=""*DEPARTURE_TIME_REL"")"	is there a connection in half an hour	confirm: departure_time_rel=0:30; request: from_stop=?, to_stop=?
confirm	is there a connection in *NUMBER an hour	"inform(departure_time_rel=""*DEPARTURE_TIME_REL"")"	is there a connection in half an hour	departure_time_rel=0:30
reply	is there a connection in *NUMBER minutes	"inform(departure_time_rel=""*DEPARTURE_TIME_REL"")"	is there a connection in ten minutes	from_stop=Houston Street, line=M4, direction=Columbia University, departure_time=11:10am, vehicle=bus
apologize	is there a connection in *NUMBER minutes	"inform(departure_time_rel=""*DEPARTURE_TIME_REL"")"	is there a connection in fifteen minutes	*=notfound, departure_time_rel=0:15
request	is there a connection in *NUMBER minutes	"inform(departure_time_rel=""*DEPARTURE_TIME_REL"")"	is there a connection in ten minutes	from_stop=?, to_stop=?
confirm-request	is there a connection in *NUMBER minutes	"inform(departure_time_rel=""*DEPARTURE_TIME_REL"")"	is there a connection in thirty minutes	confirm: departure_time_rel=0:30; request: from_stop=?, to_stop=?
confirm	is there a connection in *NUMBER minutes	"inform(departure_time_rel=""*DEPARTURE_TIME_REL"")"	is there a connection in thirty minutes	departure_time_rel=0:30
reply	is there time requirement	request(duration)	is there time requirement	duration=36 minutes
reply	travel time	request(duration)	travel time	duration=31 minutes
reply	what time does it leave	"request(departure_time=""*DEPARTURE_TIME"")"	what time does it leave	departure_time=4:44pm
reply	connection to *STOP	"inform(to_stop=""*STREET"")"	connection to Herald Square	line=M79, vehicle=bus, from_stop=Dyckman Street, departure_time=12:05pm, direction=Herald Square
apologize	connection to *STOP	"inform(to_stop=""*STREET"")"	connection to Houston Street	*=notfound, to_stop=Houston Street
request	connection to *STOP	"inform(to_stop=""*STREET"")"	connection to Franklin Street	from_stop=?
confirm-request	connection to *STOP	"inform(to_stop=""*STREET"")"	connection to Rector Street	confirm: to_stop=Rector Street; request: from_stop=?
confirm	connection to *STOP	"inform(to_stop=""*STREET"")"	connection to Rector Street	to_stop=Rector Street
reply	*STOP to *STOP	"inform(from_stop=""*STOP"")&inform(to_stop=""*STOP"")"	Inwood to Marble Hill	line=Z, direction=Marble Hill, from_stop=Inwood, vehicle=subway, departure_time=12:19pm
apologize	*STOP to *STOP	"inform(from_stop=""*STOP"")&inform(to_stop=""*STOP"")"	Prince Street to Columbia University	*=notfound, from_stop=Prince Street, to_stop=Columbia University
confirm	*STOP to *STOP	"inform(from_stop=""*STOP"")&inform(to_stop=""*STOP"")"	Lincoln Center to Delancey Street	from_stop=Lincoln Center, to_stop=Delancey Street
reply	*STOP to *NUMBER street	"inform(from_stop=""*STREET"")"	Inwood to *NUMBER street	from_stop=Inwood, direction=Lincoln Center, vehicle=subway, departure_time=1:03pm, line=3
apologize	*STOP to *NUMBER street	"inform(from_stop=""*STREET"")"	Canal Street to *NUMBER street	*=notfound, from_stop=Canal Street
request	*STOP to *NUMBER street	"inform(from_stop=""*STREET"")"	Bowery to *NUMBER street	to_stop=?
confirm-request	*STOP to *NUMBER street	"inform(from_stop=""*STREET"")"	Delancey Street to *NUMBER street	confirm: from_stop=Delancey Street; request: to_stop=?
confirm	*STOP to *NUMBER street	"inform(from_stop=""*STREET"")"	Delancey Street to *NUMBER street	from_stop=Delancey Street
reply	*STOP to *STOP	"inform(from_stop=""*STREET"")&inform(to_stop=""*STREET"")"	Broad Street to Rector Street	from_stop=Broad Street, departure_time=4:09pm, line=1, vehicle=subway, direction=Rector Street
apologize	*STOP to *STOP	"inform(from_stop=""*STREET"")&inform(to_stop=""*STREET"")"	Bleecker Street to Franklin Street	*=notfound, from_stop=Bleecker Street, to_stop=Franklin Street
confirm	*STOP to *STOP	"inform(from_stop=""*STREET"")&inform(to_stop=""*STREET"")"	East Broadway to Columbia University	from_stop=East Broadway, to_stop=Columbia University
reply	want to find a *VEHICLE connection	"inform(vehicle=""*VEHICLE"")"	want to find a subway connection	vehicle=subway, from_stop=Grand Street, departure_time=11:01am, line=2, direction=Rector Street
apologize	want to find a *VEHICLE connection	"inform(vehicle=""*VEHICLE"")"	want to find a bus connection	*=notfound, vehicle=bus
request	want to find a *VEHICLE connection	"inform(vehicle=""*VEHICLE"")"	want to find a subway connection	from_stop=?, to_stop=?
confirm-request	want to find a *VEHICLE connection	"inform(vehicle=""*VEHICLE"")"	want to find a subway connection	confirm: vehicle=subway; request: from_stop=?, to_stop=?
confirm	want to find a *VEHICLE connection	"inform(vehicle=""*VEHICLE"")"	want to find a subway connection	vehicle=subway
reply	i'm traveling from *STOP	"inform(from_stop=""*STOP"")"	i'm traveling from Bowling Green	from_stop=Bowling Green, direction=Grand Street, departure_time=11:06pm, vehicle=subway, line=L
apologize	i'm traveling from *STOP	"inform(from_stop=""*STOP"")"	i'm traveling from Essex Street	*=notfound, from_stop=Essex Street
request	i'm traveling from *STOP	"inform(from_stop=""*STOP"")"	i'm traveling from Bryant Park	to_stop=?
confirm-request	i'm traveling from *STOP	"inform(from_stop=""*STOP"")"	i'm traveling from Wall Street	confirm: from_stop=Wall Street; request: to_stop=?
confirm	i'm traveling from *STOP	"inform(from_stop=""*STOP"")"	i'm traveling from Wall Street	from_stop=Wall Street
reply	find *VEHICLE connection from *STOP to *STOP	"inform(from_stop=""*STOP"")&inform(to_stop=""*STOP"")&inform(vehicle=""*VEHICLE"")"	find subway connection from Lincoln Center to Bryant Park	line=D, vehicle=subway, from_stop=Lincoln Center, direction=Bryant Park, departure_time=11:16am
apologize	find *VEHICLE connection from *STOP to *STOP	"inform(from_stop=""*STOP"")&inform(to_stop=""*STOP"")&inform(vehicle=""*VEHICLE"")"	find bus connection from Astor Place to Bryant Park	*=notfound, from_stop=Astor Place, to_stop=Bryant Park, vehicle=bus
confirm	find *VEHICLE connection from *STOP to *STOP	"inform(from_stop=""*STOP"")&inform(to_stop=""*STOP"")&inform(vehicle=""*VEHICLE"")"	find subway connection from Delancey Street to Columbia University	from_stop=Delancey Street, to_stop=Columbia University, vehicle=subway
reply	i wanna find a *VEHICLE connection from *STOP to *STOP	"inform(from_stop=""*STOP"")&inform(to_stop=""*STOP"")&inform(vehicle=""*VEHICLE"")"	i wanna find a bus connection from Bleecker Street to Columbus Circle	departure_time=10:18am, from_stop=Bleecker Street, vehicle=bus, line=M22, direction=Columbus Circle
apologize	i wanna find a *VEHICLE connection from *STOP to *STOP	"inform(from_stop=""*STOP"")&inform(to_stop=""*STOP"")&inform(vehicle=""*VEHICLE"")"	i wanna find a bus connection from Washington Square to Prince Street	*=notfound, from_stop=Washington Square, to_stop=Prince Street, vehicle=bus
confirm	i wanna find a *VEHICLE connection from *STOP to *STOP	"inform(from_stop=""*STOP"")&inform(to_stop=""*STOP"")&inform(vehicle=""*VEHICLE"")"	i wanna find a bus connection from Marble Hill to Chambers Street	from_stop=Marble Hill, to_stop=Chambers Street, vehicle=bus
reply	i wanna go to *STOP	"inform(to_stop=""*STOP"")"	i wanna go to Cathedral Parkway	vehicle=subway, departure_time=4:12pm, direction=Cathedral Parkway, line=N, from_stop=Bleecker Street
apologize	i wanna go to *STOP	"inform(to_stop=""*STOP"")"	i wanna go to Wall Street	*=notfound, to_stop=Wall Street
request	i wanna go to *STOP	"inform(to_stop=""*STOP"")"	i wanna go to Wall Street	from_stop=?
confirm-request	i wanna go to *STOP	"inform(to_stop=""*STOP"")"	i wanna go to Astor Place	confirm: to_stop=Astor Place; request: from_stop=?
confirm	i wanna go to *STOP	"inform(to_stop=""*STOP"")"	i wanna go to Astor Place	to_stop=Astor Place
reply	i want a *VEHICLE connection from *STOP to *STOP	"inform(from_stop=""*STOP"")&inform(to_stop=""*STOP"")&inform(vehicle=""*VEHICLE"")"	i want a subway connection from Inwood to Cortlandt Street	direction=Cortlandt Street, from_stop=Inwood, line=M, vehicle=subway, departure_time=8:09am
apologize	i want a *VEHICLE connection from *STOP to *STOP	"inform(from_stop=""*STOP"")&inform(to_stop=""*STOP"")&inform(vehicle=""*VEHICLE"")"	i want a subway connection from Times Square to Essex Street	*=notfound, from_stop=Times Square, to_stop=Essex Street, vehicle=subway
confirm	i want a *VEHICLE connection from *STOP to *STOP	"inform(from_stop=""*STOP"")&inform(to_stop=""*STOP"")&inform(vehicle=""*VEHICLE"")"	i want a bus connection from Cathedral Parkway to Washington Square	from_stop=Cathedral Parkway, to_stop=Washington Square, vehicle=bus
reply	i want to find a connection from *STOP	"inform(from_stop=""*STREET"")"	i want to find a connection from Bowling Green	vehicle=bus, line=M22, direction=Franklin Street, departure_time=6:05pm, from_stop=Bowling Green
apologize	i want to find a connection from *STOP	"inform(from_stop=""*STREET"")"	i want to find a connection from Lincoln Center	*=notfound, from_stop=Lincoln Center
request	i want to find a connection from *STOP	"inform(from_stop=""*STREET"")"	i want to find a connection from Union Square	to_stop=?
confirm-request	i want to find a connection from *STOP	"inform(from_stop=""*STREET"")"	i want to find a connection from East Broadway	confirm: from_stop=East Broadway; request: to_stop=?
confirm	i want to find a connection from *STOP	"inform(from_stop=""*STREET"")"	i want to find a connection from East Broadway	from_stop=East Broadway
reply	i want to find a connection from *STOP man	"inform(from_stop=""*STREET"")"	i want to find a connection from Park Place man	departure_time=9:14am, line=M15, from_stop=Park Place, direction=Port Authority Bus Terminal, vehicle=bus
apologize	i want to find a connection from *STOP man	"inform(from_stop=""*STREET"")"	i want to find a connection from East Broadway man	*=notfound, from_stop=East Broadway
request	i want to find a connection from *STOP man	"inform(from_stop=""*STREET"")"	i want to find a connection from Washington Square man	to_stop=?
confirm-request	i want to find a connection from *STOP man	"inform(from_stop=""*STREET"")"	i want to find a connection from Astor Place man	confirm: from_stop=Astor Place; request: to_stop=?
confirm	i want to find a connection from *STOP man	"inform(from_stop=""*STREET"")"	i want to find a connection from Astor Place man	from_stop=Astor Place
reply	i want to find a connection from *STOP queen to *STOP	"inform(from_stop=""*STREET"")&inform(to_stop=""*STREET"")"	i want to find a connection from Columbus Circle queen to Essex Street	direction=Essex Street, vehicle=bus, from_stop=Columbus Circle, line=M101, departure_time=10:14am
apologize	i want to find a connection from *STOP queen to *STOP	"inform(from_stop=""*STREET"")&inform(to_stop=""*STREET"")"	i want to find a connection from Prince Street queen to Essex Street	*=notfound, from_stop=Prince Street, to_stop=Essex Street
confirm	i want to find a connection from *STOP queen to *STOP	"inform(from_stop=""*STREET"")&inform(to_stop=""*STREET"")"	i want to find a connection from Cortlandt Street queen to Columbus Circle	from_stop=Cortlandt Street, to_stop=Columbus Circle
reply	i want to find a *VEHICLE connection from *STOP from	"inform(from_stop=""*STOP"")&inform(vehicle=""*VEHICLE"")"	i want to find a bus connection from Bleecker Street from	vehicle=bus, direction=Franklin Street, departure_time=7:07am, line=M3, from_stop=Bleecker Street
apologize	i want to find a *VEHICLE connection from *STOP from	"inform(from_stop=""*STOP"")&inform(vehicle=""*VEHICLE"")"	i want to find a bus connection from Times Square from	*=notfound, from_stop=Times Square, vehicle=bus
request	i want to find a *VEHICLE connection from *STOP from	"inform(from_stop=""*STOP"")&inform(vehicle=""*VEHICLE"")"	i want to find a bus connection from Cathedral Parkway from	to_stop=?
confirm-request	i want to find a *VEHICLE connection from *STOP from	"inform(from_stop=""*STOP"")&inform(vehicle=""*VEHICLE"")"	i want to find a subway connection from Dyckman Street from	confirm: from_stop=Dyckman Street, vehicle=subway; request: to_stop=?
confirm	i want to find a *VEHICLE connection from *STOP from	"inform(from_stop=""*STOP"")&inform(vehicle=""*VEHICLE"")"	i want to find a subway connection from Dyckman Street from	from_stop=Dyckman Street, vehicle=subway
reply	i want to find a *VEHICLE connection from *STOP to *STOP	"inform(from_stop=""*STOP"")&inform(to_stop=""*STOP"")&inform(vehicle=""*VEHICLE"")"	i want to find a bus connection from East Broadway to City Hall	from_stop=East Broadway, vehicle=bus, departure_time=11:15am, direction=City Hall, line=M102
apologize	i want to find a *VEHICLE connection from *STOP to *STOP	"inform(from_stop=""*STOP"")&inform(to_stop=""*STOP"")&inform(vehicle=""*VEHICLE"")"	i want to find a subway connection from Lincoln Center to Franklin Street	*=notfound, from_stop=Lincoln Center, to_stop=Franklin Street, vehicle=subway
confirm	i want to find a *VEHICLE connection from *STOP to *STOP	"inform(from_stop=""*STOP"")&inform(to_stop=""*STOP"")&inform(vehicle=""*VEHICLE"")"	i want to find a bus connection from Lincoln Center to World Trade Center	from_stop=Lincoln Center, to_stop=World Trade Center, vehicle=bus
reply	i want to find a *VEHICLE connection from *STOP to *STOP *NUMBER	"inform(to_stop=""*STREET"")&inform(from_stop=""*STOP"")&inform(vehicle=""*VEHICLE"")"	i want to find a subway connection from Fulton Street to Bowling Green *NUMBER	departure_time=8:05am, line=7, direction=Bowling Green, vehicle=subway, from_stop=Fulton Street
apologize	i want to find a *VEHICLE connection from *STOP to *STOP *NUMBER	"inform(to_stop=""*STREET"")&inform(from_stop=""*STOP"")&inform(vehicle=""*VEHICLE"")"	i want to find a bus connection from Canal Street to World Trade Center *NUMBER	*=notfound, to_stop=World Trade Center, from_stop=Canal Street, vehicle=bus
confirm	i want to find a *VEHICLE connection from *STOP to *STOP *NUMBER	"inform(to_stop=""*STREET"")&inform(from_stop=""*STOP"")&inform(vehicle=""*VEHICLE"")"	i want to find a subway connection from Columbus Circle to Columbia University *NUMBER	to_stop=Columbia University, from_stop=Columbus Circle, vehicle=subway
reply	i want to go by *VEHICLE	"inform(vehicle=""*VEHICLE"")"	i want to go by bus	from_stop=Lincoln Center, line=M72, vehicle=bus, departure_time=8:17pm, direction=Dyckman Street
apologize	i want to go by *VEHICLE	"inform(vehicle=""*VEHICLE"")"	i want to go by bus	*=notfound, vehicle=bus
request	i want to go by *VEHICLE	"inform(vehicle=""*VEHICLE"")"	i want to go by bus	from_stop=?, to_stop=?
confirm-request	i want to go by *VEHICLE	"inform(vehicle=""*VEHICLE"")"	i want to go by subway	confirm: vehicle=subway; request: from_stop=?, to_stop=?
confirm	i want to go by *VEHICLE	"inform(vehicle=""*VEHICLE"")"	i want to go by subway	vehicle=subway
reply	i want to go from *STOP	"inform(from_stop=""*STOP"")"	i want to go from Lincoln Center	vehicle=subway, from_stop=Lincoln Center, departure_time=4:12pm, direction=Columbia University, line=D
apologize	i want to go from *STOP	"inform(from_stop=""*STOP"")"	i want to go from Union Square	*=notfound, from_stop=Union Square
request	i want to go from *STOP	"inform(from_stop=""*STOP"")"	i want to go from Broad Street	to_stop=?
confirm-request	i want to go from *STOP	"inform(from_stop=""*STOP"")"	i want to go from Cortlandt Street	confirm: from_stop=Cortlandt Street; request: to_stop=?
confirm	i want to go from *STOP	"inform(from_stop=""*STOP"")"	i want to go from Cortlandt Street	from_stop=Cortlandt Street
reply	i want to go from *STOP to *STOP	"inform(from_stop=""*STOP"")&inform(to_stop=""*STOP"")"	i want to go from Roosevelt Island to Columbus Circle	vehicle=subway, from_stop=Roosevelt Island, direction=Columbus Circle, departure_time=9:00pm, line=D
apologize	i want to go from *STOP to *STOP	"inform(from_stop=""*STOP"")&inform(to_stop=""*STOP"")"	i want to go from Grand Central to Houston Street	*=notfound, from_stop=Grand Central, to_stop=Houston Street
confirm	i want to go from *STOP to *STOP	"inform(from_stop=""*STOP"")&inform(to_stop=""*STOP"")"	i want to go from Rockefeller Center to Columbus Circle	from_stop=Rockefeller Center, to_stop=Columbus Circle
reply	i want to go from *STOP	"inform(from_stop=""*STREET"")"	i want to go from Delancey Street	direction=Port Authority Bus Terminal, line=B, from_stop=Delancey Street, vehicle=subway, departure_time=7:11am
apologize	i want to go from *STOP	"inform(from_stop=""*STREET"")"	i want to go from Union Square	*=notfound, from_stop=Union Square
request	i want to go from *STOP	"inform(from_stop=""*STREET"")"	i want to go from Port Authority Bus Terminal	to_stop=?
confirm-request	i want to go from *STOP	"inform(from_stop=""*STREET"")"	i want to go from Astor Place	confirm: from_stop=Astor Place; request: to_stop=?
confirm	i want to go from *STOP	"inform(from_stop=""*STREET"")"	i want to go from Astor Place	from_stop=Astor Place
reply	i want to go to *STOP	"inform(to_stop=""*STOP"")"	i want to go to City Hall	vehicle=bus, from_stop=East Broadway, line=M66, direction=City Hall, departure_time=11:03am
apologize	i want to go to *STOP	"inform(to_stop=""*STOP"")"	i want to go to Bryant Park	*=notfound, to_stop=Bryant Park
request	i want to go to *STOP	"inform(to_stop=""*STOP"")"	i want to go to Canal Street	from_stop=?
confirm-request	i want to go to *STOP	"inform(to_stop=""*STOP"")"	i want to go to East Broadway	confirm: to_stop=East Broadway; request: from_stop=?
confirm	i want to go to *STOP	"inform(to_stop=""*STOP"")"	i want to go to East Broadway	to_stop=East Broadway
reply	i want to go to *STOP hello	"inform(to_stop=""*STREET"")"	i want to go to Central Park hello	vehicle=subway, from_stop=Union Square, departure_time=2:18pm, line=3, direction=Central Park
apologize	i want to go to *STOP hello	"inform(to_stop=""*STREET"")"	i want to go to Grand Street hello	*=notfound, to_stop=Grand Street
request	i want to go to *STOP hello	"inform(to_stop=""*STREET"")"	i want to go to Fulton Street hello	from_stop=?
confirm-request	i want to go to *STOP hello	"inform(to_stop=""*STREET"")"	i want to go to Port Authority Bus Terminal hello	confirm: to_stop=Port Authority Bus Terminal; request: from_stop=?
confirm	i want to go to *STOP hello	"inform(to_stop=""*STREET"")"	i want to go to Port Authority Bus Terminal hello	to_stop=Port Authority Bus Terminal
reply	i want to go to *STOP	"inform(to_stop=""*STREET"")"	i want to go to Franklin Street	departure_time=11:18am, vehicle=bus, from_stop=Grand Street, line=M3, direction=Franklin Street
apologize	i want to go to *STOP	"inform(to_stop=""*STREET"")"	i want to go to Dyckman Street	*=notfound, to_stop=Dyckman Street
request	i want to go to *STOP	"inform(to_stop=""*STREET"")"	i want to go to Rector Street	from_stop=?
confirm-request	i want to go to *STOP	"inform(to_stop=""*STREET"")"	i want to go to Essex Street	confirm: to_stop=Essex Street; request: from_stop=?
confirm	i want to go to *STOP	"inform(to_stop=""*STREET"")"	i want to go to Essex Street	to_stop=Essex Street
reply	and what is the connection in an *NUMBER an hour	"inform(departure_time_rel=""*DEPARTURE_TIME_REL"")"	and what is the connection in an half an hour	departure_time=5:01pm, line=M5, vehicle=bus, from_stop=Houston Street, direction=Rector Street
apologize	and what is the connection in an *NUMBER an hour	"inform(departure_time_rel=""*DEPARTURE_TIME_REL"")"	and what is the connection in an half an hour	*=notfound, departure_time_rel=0:30
request	and what is the connection in an *NUMBER an hour	"inform(departure_time_rel=""*DEPARTURE_TIME_REL"")"	and what is the connection in an half an hour	from_stop=?, to_stop=?
confirm-request	and what is the connection in an *NUMBER an hour	"inform(departure_time_rel=""*DEPARTURE_TIME_REL"")"	and what is the connection in an half an hour	confirm: departure_time_rel=0:30; request: from_stop=?, to_stop=?
confirm	and what is the connection in an *NUMBER an hour	"inform(departure_time_rel=""*DEPARTURE_TIME_REL"")"	and what is the connection in an half an hour	departure_time_rel=0:30
reply	and what time would the next connection be	"request(departure_time=""*DEPARTURE_TIME"")&inform(alternative=""next"")"	and what time would the next connection be	departure_time=10:21pm
confirm-reply	and what time would the next connection be	"request(departure_time=""*DEPARTURE_TIME"")&inform(alternative=""next"")"	and what time would the next connection be	confirm: alternative=next; reply: departure_time=10:21pm
confirm	and what time would the next connection be	"request(departure_time=""*DEPARTURE_TIME"")&inform(alternative=""next"")"	and what time would the next connection be	alternative=next
reply	uh what is the distance of that trip	request(distance)	uh what is the distance of that trip	distance=6.4 miles
reply	yes what time does that leave again	"request(departure_time=""*DEPARTURE_TIME"")"	yes what time does that leave again	departure_time=7:46pm
reply	and what's the duration of that	request(duration)	and what's the duration of that	duration=71 minutes
reply	when will the next *VEHICLE	"inform(vehicle=""*VEHICLE"")&request(departure_time=""*DEPARTURE_TIME"")&inform(alternative=""next"")"	when will the next bus	departure_time=8:22am
confirm-reply	when will the next *VEHICLE	"inform(vehicle=""*VEHICLE"")&request(departure_time=""*DEPARTURE_TIME"")&inform(alternative=""next"")"	when will the next subway	confirm: vehicle=subway, alternative=next; reply: departure_time=8:22am
confirm	when will the next *VEHICLE	"inform(vehicle=""*VEHICLE"")&request(departure_time=""*DEPARTURE_TIME"")&inform(alternative=""next"")"	when will the next subway	vehicle=subway, alternative=next
reply	i would like the *VEHICLE connection from *STOP	"inform(from_stop=""*STREET"")&inform(vehicle=""*VEHICLE"")"	i would like the bus connection from Rockefeller Center	vehicle=bus, line=M20, from_stop=Rockefeller Center, departure_time=11:16pm, direction=Herald Square
apologize	i would like the *VEHICLE connection from *STOP	"inform(from_stop=""*STREET"")&inform(vehicle=""*VEHICLE"")"	i would like the bus connection from Lincoln Center	*=notfound, from_stop=Lincoln Center, vehicle=bus
request	i would like the *VEHICLE connection from *STOP	"inform(from_stop=""*STREET"")&inform(vehicle=""*VEHICLE"")"	i would like the bus connection from Astor Place	to_stop=?
confirm-request	i would like the *VEHICLE connection from *STOP	"inform(from_stop=""*STREET"")&inform(vehicle=""*VEHICLE"")"	i would like the bus connection from Grand Street	confirm: from_stop=Grand Street, vehicle=bus; request: to_stop=?
confirm	i would like the *VEHICLE connection from *STOP	"inform(from_stop=""*STREET"")&inform(vehicle=""*VEHICLE"")"	i would like the bus connection from Grand Street	from_stop=Grand Street, vehicle=bus
reply	i would like to find a *VEHICLE connection from *STOP to *STOP	"inform(from_stop=""*STOP"")&inform(to_stop=""*STOP"")&inform(vehicle=""*VEHICLE"")"	i would like to find a bus connection from Broad Street to Roosevelt Island	direction=Roosevelt Island, from_stop=Broad Street, departure_time=10:12am, line=M8, vehicle=bus
apologize	i would like to find a *VEHICLE connection from *STOP to *STOP	"inform(from_stop=""*STOP"")&inform(to_stop=""*STOP"")&inform(vehicle=""*VEHICLE"")"	i would like to find a bus connection from Dyckman Street to Houston Street	*=notfound, from_stop=Dyckman Street, to_stop=Houston Street, vehicle=bus
confirm	i would like to find a *VEHICLE connection from *STOP to *STOP	"inform(from_stop=""*STOP"")&inform(to_stop=""*STOP"")&inform(vehicle=""*VEHICLE"")"	i would like to find a subway connection from Lincoln Center to Astor Place	from_stop=Lincoln Center, to_stop=Astor Place, vehicle=subway
reply	i would like to find a *VEHICLE	"inform(vehicle=""*VEHICLE"")"	i would like to find a bus	direction=Penn Station, line=M22, vehicle=bus, from_stop=Rector Street, departure_time=8:19am
apologize	i would like to find a *VEHICLE	"inform(vehicle=""*VEHICLE"")"	i would like to find a subway	*=notfound, vehicle=subway
request	i would like to find a *VEHICLE	"inform(vehicle=""*VEHICLE"")"	i would like to find a bus	from_stop=?, to_stop=?
confirm-request	i would like to find a *VEHICLE	"inform(vehicle=""*VEHICLE"")"	i would like to find a bus	confirm: vehicle=bus; request: from_stop=?, to_stop=?
confirm	i would like to find a *VEHICLE	"inform(vehicle=""*VEHICLE"")"	i would like to find a bus	vehicle=bus
reply	i would like to go from *STOP	"inform(from_stop=""*STREET"")"	i would like to go from Port Authority Bus Terminal	vehicle=bus, line=M11, departure_time=8:13am, direction=World Trade Center, from_stop=Port Authority Bus Terminal
apologize	i would like to go from *STOP	"inform(from_stop=""*STREET"")"	i would like to go from Delancey Street	*=notfound, from_stop=Delancey Street
request	i would like to go from *STOP	"inform(from_stop=""*STREET"")"	i would like to go from Houston Street	to_stop=?
confirm-request	i would like to go from *STOP	"inform(from_stop=""*STREET"")"	i would like to go from Prince Street	confirm: from_stop=Prince Street; request: to_stop=?
confirm	i would like to go from *STOP	"inform(from_stop=""*STREET"")"	i would like to go from Prince Street	from_stop=Prince Street
reply	i would like to go to from *STOP to *STOP man	"inform(from_stop=""*STREET"")&inform(to_stop=""*STREET"")"	i would like to go to from Bleecker Street to Grand Central man	direction=Grand Central, line=M, from_stop=Bleecker Street, vehicle=subway, departure_time=8:01am
apologize	i would like to go to from *STOP to *STOP man	"inform(from_stop=""*STREET"")&inform(to_stop=""*STREET"")"	i would like to go to from Chambers Street to Canal Street man	*=notfound, from_stop=Chambers Street, to_stop=Canal Street
confirm	i would like to go to from *STOP to *STOP man	"inform(from_stop=""*STREET"")&inform(to_stop=""*STREET"")"	i would like to go to from Rockefeller Center to Cathedral Parkway man	from_stop=Rockefeller Center, to_stop=Cathedral Parkway
reply	i would like to go to *STOP	"inform(to_stop=""*STREET"")"	i would like to go to Rector Street	from_stop=Franklin Street, line=Q, departure_time=11:12am, direction=Rector Street, vehicle=subway
apologize	i would like to go to *STOP	"inform(to_stop=""*STREET"")"	i would like to go to Columbia University	*=notfound, to_stop=Columbia University
request	i would like to go to *STOP	"inform(to_stop=""*STREET"")"	i would like to go to Roosevelt Island	from_stop=?
confirm-request	i would like to go to *STOP	"inform(to_stop=""*STREET"")"	i would like to go to Rector Street	confirm: to_stop=Rector Street; request: from_stop=?
confirm	i would like to go to *STOP	"inform(to_stop=""*STREET"")"	i would like to go to Rector Street	to_stop=Rector Street
reply	can you give me a time for the next connection	"inform(alternative=""next"")"	can you give me a time for the next connection	line=M35, departure_time=10:18am, from_stop=Canal Street, direction=Lincoln Center, vehicle=bus
apologize	can you give me a time for the next connection	"inform(alternative=""next"")"	can you give me a time for the next connection	*=notfound, alternative=next
confirm	can you give me a time for the next connection	"inform(alternative=""next"")"	can you give me a time for the next connection	alternative=next
reply	can you give me the second option	"inform(alternative=""2"")"	can you give me the second option	line=M103, direction=Fulton Street, vehicle=bus, from_stop=Marble Hill, departure_time=2:13pm
apologize	can you give me the second option	"inform(alternative=""2"")"	can you give me the second option	*=notfound, alternative=2
confirm	can you give me the second option	"inform(alternative=""2"")"	can you give me the second option	alternative=2
